{"place served by transport hub": 0, "mountain range": 1, "religion": 2, "participating team": 3, "contains administrative territorial entity": 4, "head of government": 5, "country of citizenship": 6, "original network": 7, "heritage designation": 8, "performer": 9, "participant of": 10, "position held": 11, "has part": 12, "location of formation": 13, "located on terrain feature": 14, "architect": 15, "country of origin": 16, "publisher": 17, "director": 18, "father": 19, "developer": 20, "military branch": 21, "mouth of the watercourse": 22, "nominated for": 23, "movement": 24, "successful candidate": 25, "followed by": 26, "manufacturer": 27, "instance of": 28, "after a work by": 29, "member of political party": 30, "licensed to broadcast to": 31, "headquarters location": 32, "sibling": 33, "instrument": 34, "country": 35, "occupation": 36, "residence": 37, "work location": 38, "subsidiary": 39, "participant": 40, "operator": 41, "characters": 42, "occupant": 43, "genre": 44, "operating system": 45, "owned by": 46, "platform": 47, "tributary": 48, "winner": 49, "said to be the same as": 50, "composer": 51, "league": 52, "record label": 53, "distributor": 54, "screenwriter": 55, "sports season of league or competition": 56, "taxon rank": 57, "location": 58, "field of work": 59, "language of work or name": 60, "applies to jurisdiction": 61, "notable work": 62, "located in the administrative territorial entity": 63, "crosses": 64, "original language of film or TV show": 65, "competition class": 66, "part of": 67, "sport": 68, "constellation": 69, "position played on team / speciality": 70, "located in or next to body of water": 71, "voice type": 72, "follows": 73, "spouse": 74, "military rank": 75, "mother": 76, "member of": 77, "child": 78, "main subject": 79}